{"cameraMode":{"drawMode":0,"name":"Shaded","section":"Shading Mode"},"sceneLighting":true,"audioPlay":false,"sceneViewState":{"m_AlwaysRefresh":false,"showFog":true,"showSkybox":true,"showFlares":true,"showImageEffects":true,"showParticleSystems":true,"showVisualEffectGraphs":true,"m_FxEnabled":true},"in2DMode":false,"pivot":{"x":0.9190000295639038,"y":-6.208000183105469,"z":0.5550000071525574},"rotation":{"x":-0.10803346335887909,"y":-0.43263348937034609,"z":0.05228860303759575,"w":-0.8935551047325134},"size":0.9411711096763611,"orthographic":false}